92,Neznáma
93,Ábelová
94,Čáry
95,Číčov
96,Číž
97,Čaňa
98,Čab
99,Čabalovce
100,Čabiny
101,Čabradský Vrbovok
102,Čachtice
103,Čajkov
104,Čaka
105,Čakajovce
106,Čakanovce
107,Čakanovce
108,Čakany
109,Čaklov
110,Čalovec
111,Veľký Meder
112,Čamovce
113,Čaradice
114,Častá
115,Častkov
116,Častkovce
117,Čata
118,Čataj
119,Čavoj
120,Čečehov
121,Čečejovce
122,Čeľadice
123,Čeľovce
124,Čelovce
125,Čebovce
126,Čechy
127,Čechynce
128,Čekovce
129,Čeláre
130,Čeľadince
131,Čelkova Lehota
132,Čelovce
133,Čenkovce
134,Čerín
135,Čereňany
136,Čerenčany
137,Čerhov
138,Čermany
139,Černík
140,Černina
141,Černochov
142,Čertižné
143,Červeňany
144,Červená Voda
145,Červeník
146,Červený Hrádok
147,Červený Kameň
148,Červený Kláštor
149,Červenica
150,Červenica pri Sabinove
151,České Brezovo
152,Čičarovce
153,Čičava
154,Čičmany
155,Čižatice
156,Čierna
157,Čierna Lehota
158,Čierna Lehota
159,Čierna nad Tisou
160,Čierna Voda
161,Čierne
162,Čierne Kľačany
163,Čierne nad Topľou
164,Čierne Pole
165,Čierny Balog
166,Čierny Brod
167,Čierny Potok
168,Čifáre
169,Čiližská Radvaň
170,Čimhová
171,Čirč
172,Čoltovo
173,Čremošné
174,Čučma
175,Čukalovce
176,Ďačov
177,Ďanová
178,Ďapalovce
179,Ďubákovo
180,Ďurčiná
181,Ďurďoš
182,Ďurďošík
183,Ďurďové
184,Ďurkov
185,Ďurková
186,Ďurkovce
187,Lúčky
188,Ľubá
189,Ľubeľa
190,Ľubiša
191,Ľubica
192,Ľubietová
193,Ľubochňa
194,Ľuboreč
195,Ľuboriečka
196,Ľubotín
197,Ľubotice
198,Ľubovec
199,Ľudovítová
200,Ľutina
201,Ľutov
202,Ňagov
203,Šávoľ
204,Šíd
205,Šípkov
206,Šípkové
207,Šúrovce
208,Šútovce
209,Šútovo
210,Šaľa
211,Šašová
212,Šaštín-Stráže
213,Tornaľa
214,Šahy
215,Šajdíkove Humence
216,Šalgočka
217,Šalgovce
218,Šalov
219,Šambron
220,Šamorín
221,Šamudovce
222,Šandal
223,Šarbov
224,Šarišská Poruba
225,Šarišská Trstená
226,Šarišské Čierne
227,Šarišské Bohdanovce
228,Šarišské Dravce
229,Šarišské Jastrabie
230,Šarišské Michaľany
231,Šarišské Sokolovce
232,Šarišský Štiavnik
233,Šarkan
234,Šarovce
235,Šelpice
236,Šemša
237,Šemetkovce
238,Šenkvice
239,Šišov
240,Šiatorská Bukovinka
241,Šiba
242,Šimonovce
243,Šindliar
244,Šintava
245,Širákov
246,Širkovce
247,Široké
248,Šivetice
249,Šmigovec
250,Šoltýska
251,Šoporňa
252,Špačince
253,Špania Dolina
254,Španie Pole
255,Šrobárová
256,Štítnik
257,Štós
258,Štôla
259,Štúrovo
260,Štefanov
261,Štefanov nad Oravou
262,Štefanová
263,Štefanovce
264,Štefanovce
265,Štefanovičová
266,Štefurov
267,Šterusy
268,Štiavnička
269,Štiavnické Bane
270,Štiavnik
271,Štitáre
272,Štrba
273,Štrkovec
274,Štvrtok
275,Štvrtok na Ostrove
276,Šuľa
277,Šuňava
278,Sudince
279,Šuja
280,Šumiac
281,Šurany
282,Šurianky
283,Šurice
284,Švábovce
285,Švedlár
286,Telgárt
287,Švošov
288,Ťapešovo
289,Úbrež
290,Údol
291,Úhorná
292,Žíp
293,Žirany
294,Žaškov
295,Žabokreky
296,Žabokreky nad Nitrou
297,Žakarovce
298,Žakovce
299,Žalobín
300,Žarnov
301,Žarnovica
302,Žbince
303,Ždaňa
304,Ždiar
305,Želovce
306,Žehňa
307,Žehra
308,Železná Breznica
309,Železník
310,Želiezovce
311,Želmanovce
312,Žemberovce
313,Žemliare
314,Žiar
315,Žiar
316,Žiar nad Hronom
317,Žibritov
318,Žihárec
319,Žikava
320,Žilina
321,Žipov
322,Žitavany
323,Žitavce
324,Žitná-Radiša
325,Žlkovce
326,Župčany
327,Župkov
328,Abovce
329,Abrahám
330,Abrahámovce
331,Abrahámovce
332,Abramová
333,Abranovce
334,Adamovské Kochanovce
335,Adidovce
336,Alekšince
337,Andovce
338,Andrejová
339,Svätý Anton
340,Ardanovce
341,Ardovo
342,Arnutovce
343,Báč
344,Báb
345,Bádice
346,Báhoň
347,Bánov
348,Bánovce nad Bebravou
349,Bánovce nad Ondavou
350,Bátka
351,Bátorová
352,Bátovce
353,Bíňa
354,Bíňovce
355,Bílkove Humence
356,Bôrka
357,Búč
358,Bžany
359,Bačka
360,Bačkov
361,Bačkovík
362,Baďan
363,Baňa
364,Baška
365,Baškovce
366,Baškovce
367,Bašovce
368,Babín
369,Babie
370,Babiná
371,Babindol
372,Babinec
373,Bacúch
374,Bacúrov
375,Badín
376,Bajč
377,Bajany
378,Bajerov
379,Bajerovce
380,Bajka
381,Bajtava
382,Baka
383,Baláže
384,Baldovce
385,Baloň
386,Balog nad Ipľom
387,Banka
388,Banská Štiavnica
389,Banská Belá
390,Banská Bystrica
391,Banské
392,Banský Studenec
393,Bara
394,Barca
395,Bardejov
396,Bardoňovo
397,Bartošova Lehôtka
398,Bartošovce
399,Batizovce
400,Beňadiková
401,Beňadikovce
402,Beňadovo
403,Beňatina
404,Beňuš
405,Beša
406,Beša
407,Bešeňov
408,Bešeňová
409,Bežovce
410,Becherov
411,Beckov
412,Beharovce
413,Belá
414,Belá
415,Belá nad Cirochou
416,Belá-Dulice
417,Belín
418,Belža
419,Beladice
420,Belejovce
421,Belina
422,Belince
423,Bellova Ves
424,Beloveža
425,Beluša
426,Beluj
427,Beniakovce
428,Benice
429,Benkovce
430,Bernolákovo
431,Bertotovce
432,Betlanovce
433,Betliar
434,Bidovce
435,Biel
436,Bielovce
437,Biely Kostol
438,Bijacovce
439,Biskupice
440,Biskupová
441,Bitarová
442,Blažice
443,Blažovce
444,Blahová
445,Blatná na Ostrove
446,Blatná Polianka
447,Blatné
448,Blatné Remety
449,Blatné Revištia
450,Blatnica
451,Blesovce
452,Blhovce
453,Bočiar
454,Boľ
455,Boľkovce
456,Bošáca
457,Bošany
458,Boťany
459,Bobot
460,Bobrov
461,Bobrovček
462,Bobrovec
463,Bobrovník
464,Bodíky
465,Bodiná
466,Bodorová
467,Bodovce
468,Bodružal
469,Bodza
470,Bodzianske Lúky
471,Bogliarka
472,Bohúňovo
473,Bohdanovce
474,Bohdanovce nad Trnavou
475,Boheľov
476,Bohunice
477,Bohunice
478,Bojná
479,Bojničky
480,Bojnice
481,Boldog
482,Bolešov
483,Boleráz
484,Boliarov
485,Borčany
486,Borčice
487,Borša
488,Borcová
489,Borinka
490,Borová
491,Borovce
492,Borský Svätý Jur
493,Borský Mikuláš
494,Bory
495,Bottovo
496,Bracovce
497,Branč
498,Branovo
499,Braväcovo
500,Brdárka
501,Brežany
502,Brehov
503,Brehy
504,Brekov
505,Brestov
506,Brestov
507,Brestov nad Laborcom
508,Brestovany
509,Brestovec
510,Brestovec
511,Bretejovce
512,Bretka
513,Breza
514,Brezany
515,Brezina
516,Breziny
517,Breznička
518,Breznička
519,Breznica
520,Brezno
521,Brezolupy
522,Brezov
523,Brezová pod Bradlom
524,Brezovec
525,Brezovička
526,Brezovica
527,Brezovica
528,Brezovka
529,Brhlovce
530,Brieštie
531,Brodské
532,Brodzany
533,Brunovce
534,Brusník
535,Brusnica
536,Brusno
537,Brutovce
538,Bruty
539,Brvnište
540,Brzotín
541,Bučany
542,Bušince
543,Bušovce
544,Buclovany
545,Budča
546,Budiš
547,Budikovany
548,Budimír
549,Budiná
550,Budince
551,Budkovce
552,Budmerice
553,Buglovce
554,Buková
555,Bukovce
556,Bukovec
557,Bukovec
558,Bukovina
559,Bulhary
560,Bunetice
561,Bunkovce
562,Buzica
563,Buzitka
564,Byšta
565,Bystrá
566,Bystrá
567,Bystré
568,Bystrany
569,Bystričany
570,Bystrička
571,Bytča
572,Bzenica
573,Bzenov
574,Bzince pod Javorinou
575,Bziny
576,Bzovík
577,Bzovská Lehôtka
578,Cífer
579,Cabaj-Čápor
580,Cabov
581,Cakov
582,Cejkov
583,Cernina
584,Cerová
585,Cerovo
586,Cestice
587,Chľaba
588,Chanava
589,Chlebnice
590,Chlmec
591,Chmeľnica
592,Chmeľov
593,Chmeľová
594,Chmeľovec
595,Chmiňany
596,Chminianska Nová Ves
597,Chminianske Jakubovany
598,Choča
599,Choňkovce
600,Chocholná-Velčice
601,Chorvátsky Grob
602,Chorváty
603,Chotča
604,Chotín
605,Chrámec
606,Chrťany
607,Chrabrany
608,Chrasť nad Hornádom
609,Chrastince
610,Chrastné
611,Chrenovec-Brusno
612,Chropov
613,Chtelnica
614,Chudá Lehota
615,Chvalová
616,Chvojnica
617,Chvojnica
618,Chyžné
619,Chynorany
620,Cigeľ
621,Cigeľka
622,Cigla
623,Cimenná
624,Cinobaňa
625,Dúbrava
626,Dúbrava
627,Dúbrava
628,Dúbravica
629,Dúbravka
630,Dúbravy
631,Dačov Lom
632,Daletice
633,Danišovce
634,Dargov
635,Davidov
636,Dežerice
637,Debraď
638,Dechtice
639,Dedačov
640,Dedina Mládeže
641,Dedinka
642,Dedinky
643,Dekýš
644,Demänovská Dolina
645,Demandice
646,Demjata
647,Detrík
648,Detva
649,Detvianska Huta
650,Devičany
651,Devičie
652,Diaková
653,Diakovce
654,Divín
655,Diviacka Nová Ves
656,Diviaky nad Nitricou
657,Divina
658,Divinka
659,Dlžín
660,Dlhá
661,Dlhá nad Kysucou
662,Dlhá nad Oravou
663,Dlhá nad Váhom
664,Dlhá Ves
665,Dlhé Klčovo
666,Dlhé nad Cirochou
667,Dlhé Pole
668,Dlhé Stráže
669,Dlhoňa
670,Doľany
671,Doľany
672,Dobšiná
673,Dobrá
674,Dobrá Niva
675,Dobrá Voda
676,Dobroč
677,Kotmanová
678,Dobrohošť
679,Dobroslava
680,Dohňany
681,Dojč
682,Dolinka
683,Dolná Ždaňa
684,Dolná Breznica
685,Dolná Krupá
686,Dolná Lehota
687,Dolná Mariková
688,Dolná Mičiná
689,Dolná Poruba
690,Dolná Súča
691,Dolná Seč
692,Dolná Streda
693,Dolná Strehová
694,Dolná Tižina
695,Dolná Trnávka
696,Dolná Ves
697,Dolné Dubové
698,Dolné Kočkovce
699,Dolné Lefantovce
700,Dolné Lovčice
701,Dolné Mladonice
702,Dolné Naštice
703,Dolné Obdokovce
704,Dolné Orešany
705,Dolné Otrokovce
706,Dolné Plachtince
707,Dolné Saliby
708,Dolné Semerovce
709,Dolné Srnie
710,Dolné Strháre
711,Dolné Trhovište
712,Dolné Vestenice
713,Dolné Zahorany
714,Dolné Zelenice
715,Dolný Badín
716,Dolný Bar
717,Dolný Chotár
718,Dolný Harmanec
719,Dolný Hričov
720,Dolný Kalník
721,Dolný Kubín
722,Dolný Lieskov
723,Dolný Lopašov
724,Dolný Ohaj
725,Svätý Peter
726,Dolný Pial
727,Dolný Vadičov
728,Domadice
729,Domaníky
730,Domaniža
731,Domaňovce
732,Donovaly
733,Drážovce
734,Drábsko
735,Drňa
736,Drženice
737,Držkovce
738,Dražice
739,Dražkovce
740,Drahňov
741,Drahovce
742,Dravce
743,Drienčany
744,Drienica
745,Drienov
746,Drienovec
747,Drienovo
748,Drienovská Nová Ves
749,Drietoma
750,Drnava
751,Družstevná pri Hornáde
752,Dubinné
753,Dubník
754,Dubnička
755,Dubnica nad Váhom
756,Dubno
757,Dubodiel
758,Dubová
759,Dubová
760,Dubové
761,Dubové
762,Dubovany
763,Dubovce
764,Dubovec
765,Dubovica
766,Ducové
767,Dudince
768,Dukovce
769,Dulov
770,Dulova Ves
771,Dulovce
772,Dulovo
773,Dunajov
774,Dunajská Lužná
775,Dunajská Streda
776,Dunajský Klátov
777,Duplín
778,Dvorany nad Nitrou
779,Dvorec
780,Dvorianky
781,Dvorníky
782,Dvory nad Žitavou
783,Egreš
784,Fačkov
785,Falkušovce
786,Farná
787,Fekišovce
788,Fiľakovo
789,Fiľakovské Kováče
790,Figa
791,Fijaš
792,Fintice
793,Folkušová
794,Forbasy
795,Frička
796,Fričkovce
797,Fričovce
798,Fulianka
799,Gáň
800,Gánovce
801,Gôtovany
803,Gaboltov
804,Gajary
805,Galanta
806,Galovany
807,Gbeľany
808,Gbelce
809,Gbely
810,Geča
811,Gelnica
812,Gemer
813,Gemerček
814,Gemerská Hôrka
815,Gemerská Panica
816,Gemerská Poloma
817,Gemerská Ves
818,Gemerské Dechtáre
819,Gemerské Michalovce
820,Gemerské Teplice
821,Gemerský Jablonec
822,Gemerský Sad
823,Geraltov
824,Gerlachov
825,Gerlachov
826,Giglovce
827,Giraltovce
828,Girovce
829,Glabušovce
830,Gočaltovo
831,Gočovo
832,Golianovo
833,Gortva
834,Granč-Petrovce
835,Gregorova Vieska
836,Gregorovce
837,Gribov
838,Gruzovce
839,Gyňov
840,Háj
841,Háj
842,Hájske
843,Hôrka
844,Hôrka nad Váhom
845,Hôrky
846,Hýľov
847,Hačava
848,Hažín
849,Hažín nad Cirochou
850,Hažlín
851,Habovka
852,Habura
853,Hajná Nová Ves
854,Hajnáčka
855,Hajtovka
856,Haláčovce
857,Halič
858,Haligovce
859,Haluzice
860,Hamuliakovo
861,Handlová
862,Hanigovce
863,Haniska
864,Haniska
865,Hanková
866,Hankovce
867,Hankovce
868,Hanušovce nad Topľou
869,Harakovce
870,Harhaj
871,Harichovce
872,Harmanec
873,Hatalov
874,Hatné
875,Havaj
876,Havka
877,Havranec
878,Heľpa
879,Helcmanovce
880,Henckovce
881,Henclová
882,Hencovce
883,Hendrichovce
884,Herľany
885,Hermanovce
886,Hermanovce nad Topľou
887,Hertník
888,Hervartov
889,Hiadeľ
890,Hincovce
891,Hladovka
892,Hlboké
893,Hlboké nad Váhom
894,Hliník nad Hronom
895,Hlinné
896,Hlivištia
897,Hlohovec
898,Hnúšťa
899,Hniezdne
900,Hnilčík
901,Hnilec
902,Hnojné
903,Hodejov
904,Hodejovec
905,Hodkovce
906,Hodruša-Hámre
907,Hokovce
908,Holčíkovce
909,Holíč
910,Holiša
911,Holiare
912,Holice
913,Holumnica
914,Honce
915,Hontianska Vrbica
916,Hontianske Moravce
917,Hontianske Nemce
918,Hontianske Tesáre
919,Hontianske Trsťany
920,Horňa
921,Horňany
922,Horná Štubňa
923,Horná Ždaňa
924,Horná Breznica
925,Horná Kráľová
926,Horná Krupá
927,Horná Lehota
928,Horná Lehota
929,Horná Mariková
930,Horná Mičiná
931,Horná Poruba
932,Horná Potôň
933,Potônske Lúky
934,Horná Súča
935,Horná Seč
936,Horná Streda
937,Horná Strehová
938,Horná Ves
939,Horná Ves
940,Horné Štitáre
941,Horné Chlebany
942,Horné Dubové
943,Horné Hámre
944,Horné Lefantovce
945,Horné Mýto
946,Horné Mladonice
947,Horné Naštice
948,Horné Obdokovce
949,Horné Orešany
950,Horné Otrokovce
951,Horné Plachtince
952,Horné Pršany
953,Horné Saliby
954,Horné Semerovce
955,Horné Srnie
956,Horné Strháre
957,Horné Turovce
958,Horné Trhovište
959,Horné Vestenice
960,Horné Zahorany
961,Horné Zelenice
962,Horný Badín
963,Horný Bar
964,Horný Hričov
965,Horný Kalník
966,Horný Lieskov
967,Horný Pial
968,Horný Tisovník
969,Horný Vadičov
970,Horovce
971,Horovce
972,Hosťová
973,Hosťovce
974,Hosťovce
975,Hoste
976,Hostišovce
977,Hostice
978,Hostie
979,Hostovice
980,Hozelec
981,Hrádok
982,Hrčeľ
983,Hraň
984,Hrašné
985,Hrašovík
986,Hrabičov
987,Hrabkov
988,Hrabová Roztoka
989,Hrabovčík
990,Hrabovec
991,Hrabovec nad Laborcom
992,Hrabovka
993,Hrabské
994,Hrabušice
995,Hrachovište
996,Hrachovo
997,Hradište
998,Hradište
999,Hradište pod Vrátnom
1000,Hradisko
1001,Hraničné
1002,Hranovnica
1003,Hrhov
1004,Hričovské Podhradie
1005,Hriňová
1006,Hrišovce
1007,Hriadky
1008,Hrkovce
1009,Hrlica
1010,Nitrianske Hrnčiarovce
1011,Hrnčiarovce nad Parnou
1012,Hrnčiarska Ves
1013,Hrnčiarske Zalužany
1014,Dolný Štál
1015,Hrochoť
1016,Hromoš
1017,Hronec
1018,Hronovce
1019,Hronsek
1020,Hronská Breznica
1021,Hronská Dúbrava
1022,Hronské Kľačany
1023,Hronské Kosihy
1024,Hronský Beňadik
1025,Hrušov
1026,Hrušov
1027,Hrušovany
1028,Hrušovo
1029,Hruštín
1030,Hrubá Borša
1031,Hrubý Šúr
1032,Hruboňovo
1033,Hrubov
1034,Hubice
1035,Hubina
1036,Hubošovce
1037,Hubová
1038,Hubovo
1039,Hucín
1040,Hudcovce
1041,Hul
1042,Humenné
1043,Huncovce
1044,Hunkovce
1045,Hurbanova Ves
1046,Hurbanovo
1047,Husák
1048,Husiná
1049,Hutka
1050,Huty
1051,Hviezdoslavov
1052,Hvozdnica
1053,Hybe
1054,Iňa
1055,Iňačovce
1056,Iža
1057,Ižipovce
1058,Ižkovce
1059,Igram
1060,Ihľany
1061,Ihráč
1062,Ilava
1063,Iliašovce
1064,Ilija
1065,Imeľ
1066,Inovce
1067,Ipeľské Úľany
1068,Ipeľské Predmostie
1069,Ipeľský Sokolec
1070,Istebné
1071,Ivachnová
1072,Ivančiná
1073,Ivanice
1074,Ivanka pri Nitre
1075,Ivanka pri Dunaji
1076,Ivanovce
1077,Jánovce
1078,Jabloň
1079,Jabloňovce
1080,Jablonec
1081,Jablonica
1082,Jablonka
1083,Jablonov
1084,Jablonov nad Turňou
1085,Jablonové
1086,Jablonové
1087,Jacovce
1088,Jahodná
1089,Jaklovce
1090,Jakovany
1091,Jakušovce
1092,Jakubany
1093,Jakubov
1094,Jakubova Voľa
1095,Jakubovany
1096,Jakubovany
1097,Jalšové
1098,Jalšovík
1099,Jalová
1100,Jalovec
1101,Jalovec
1102,Jamník
1103,Jamník
1104,Janík
1105,Janíky
1106,Janice
1107,Jankovce
1108,Janov
1109,Janovík
1110,Janova Lehota
1111,Janovce
1112,Jánovce
1113,Jarabá
1114,Jarabina
1115,Jarok
1116,Jarovnice
1117,Jasenica
1118,Jasenie
1119,Jasenov
1120,Jasenov
1121,Jasenová
1122,Jasenové
1123,Jasenovce
1124,Jasenovo
1125,Jaslovské Bohunice
1126,Jasov
1127,Jasová
1128,Jastrabá
1129,Jastrabie nad Topľou
1130,Jastrabie pri Michalovciach
1131,Jatov
1132,Tatranská Javorina
1133,Javorina
1134,Jazernica
1135,Ješkova Ves
1136,Jedľové Kostoľany
1137,Jedlinka
1138,Jelšava
1139,Jelšovce
1140,Jelšovec
1141,Jelenec
1142,Jelka
1143,Jenkovce
1144,Jesenské
1145,Jesenské
1146,Jestice
1147,Jezersko
1148,Jovice
1149,Jovsa
1150,Jur nad Hronom
1151,Svätý Jur
1152,Jurková Voľa
1153,Jurová
1154,Jurské
1155,Juskova Voľa
1156,Kálnica
1157,Kátlovce
1158,Kátov
1159,Kľúčovec
1160,Kľačany
1161,Kľače
1162,Kľačno
1163,Kľak
1164,Kľušov
1165,Kšinná
1166,Kútniky
1167,Kúty
1168,Kačanov
1169,Kaľamenová
1170,Kaľava
1171,Kašov
1172,Kajal
1173,Kalša
1174,Kalameny
1175,Kalinkovo
1176,Kalinov
1177,Kalinovo
1178,Kalná nad Hronom
1179,Kalná Roztoka
1180,Kalnište
1181,Kaloša
1182,Kalonda
1183,Kaluža
1184,Kamanová
1185,Kameňany
1186,Kamenín
1187,Kamenec pod Vtáčnikom
1188,Kameničany
1189,Kameničná
1190,Kamenica
1191,Kamenica nad Cirochou
1192,Kamenica nad Hronom
1193,Kamenná Poruba
1194,Kamenná Poruba
1195,Kamenné Kosihy
1196,Kamenný Most
1197,Kamienka
1198,Kamienka
1199,Kanianka
1200,Kapišová
1201,Kapince
1202,Kaplna
1203,Kapušany
1204,Kapušianske Kľačany
1205,Karlová
1206,Karná
1207,Kazimír
1208,Kečkovce
1209,Kečovo
1210,Kežmarok
1211,Kecerovce
1212,Kecerovský Lipovec
1213,Kechnec
1214,Kendice
1215,Kesovce
1216,Kiarov
1217,Kláštor pod Znievom
1218,Klátova Nová Ves
1219,Klčov
1220,Klížska Nemá
1221,Kladzany
1222,Klasov
1223,Kleňany
1224,Klenov
1225,Klenová
1226,Klenovec
1227,Klieština
1228,Klin
1229,Klin nad Bodrogom
1230,Klokoč
1231,Klokočov
1232,Klokočov
1233,Klubina
1234,Kluknava
1235,Kmeťovo
1236,Kočín-Lančár
1237,Kočovce
1238,Koňuš
1239,Koš
1240,Košťany nad Turcom
1241,Košúty
1242,Košariská
1243,Košarovce
1244,Košeca
1245,Košecké Podhradie
1246,Košická Belá
1247,Košická Polianka
1248,Košické Oľšany
1249,Košický Klečenov
1250,Koškovce
1251,Košolná
1252,Kožany
1253,Kožuchov
1254,Kožuchovce
1255,Kobeliarovo
1256,Kobylnice
1257,Kobyly
1258,Kocurany
1259,Koceľovce
1260,Kochanovce
1261,Kochanovce
1262,Kociha
1263,Kojšov
1264,Kojatice
1265,Kokšov-Bakša
1266,Kokava nad Rimavicou
1267,Kokošovce
1268,Kolárovice
1269,Kolárovo
1270,Koláre
1271,Kolíňany
1272,Kolačkov
1273,Kolačno
1274,Kolbasov
1275,Kolbovce
1276,Kolibabovce
1277,Kolinovce
1278,Kolonica
1279,Kolta
1280,Komárany
1281,Komárno
1282,Komárov
1283,Komárovce
1284,Komjatice
1285,Komjatná
1286,Komoča
1287,Koniarovce
1288,Konrádovce
1289,Konská
1290,Konská
1291,Zemplínske Kopčany
1292,Kopčany
1293,Kopernica
1294,Koplotovce
1295,Koprivnica
1296,Korňa
1297,Kordíky
1298,Korejovce
1299,Koromľa
1300,Korunková
1301,Korytárky
1302,Korytné
1303,Kosihovce
1304,Kosihy nad Ipľom
1305,Kosorín
1306,Kostoľany nad Hornádom
1307,Kostoľany pod Tribečom
1308,Kostolec
1309,Kostolište
1310,Kostolná pri Dunaji
1311,Kostolná Ves
1312,Kostolná-Záriečie
1313,Kostolné
1314,Kostolné Kračany
1315,Kotešová
1316,Kotrčiná Lúčka
1317,Kováčová
1318,Kováčová
1319,Kováčovce
1320,Koválov
1321,Koválovec
1322,Kovarce
1323,Kozárovce
1324,Kozí Vrbovok
1325,Kozelník
1326,Kráľ
1327,Kráľov Brod
1328,Kráľova Lehota
1329,Kráľová nad Váhom
1330,Kráľová pri Senci
1331,Kráľovce
1332,Kráľovce-Krnišov
1333,Kráľovičove Kračany
1334,Kráľovský Chlmec
1335,Králiky
1336,Krásna Lúka
1337,Krásna Ves
1338,Krásno
1339,Krásno nad Kysucou
1340,Krásnohorská Dlhá Lúka
1341,Krásnohorské Podhradie
1342,Krásnovce
1343,Krásny Brod
1344,Krčava
1345,Kríže
1346,Krížová Ves
1347,Krížovany
1348,Krškany
1349,Kračúnovce
1350,Kraľovany
1351,Krahule
1352,Krajná Bystrá
1353,Krajná Poľana
1354,Krajná Porúbka
1355,Krajné
1356,Krajné Čierno
1357,Krakovany
1358,Krasňany
1359,Kraskovo
1360,Kravany
1361,Kravany
1362,Kravany nad Dunajom
1363,Kremná
1364,Kremnica
1365,Kremnické Bane
1366,Krišľovce
1367,Krišovská Liesková
1368,Križovany nad Dudváhom
1369,Kristy
1370,Krivá
1371,Kriváň
1372,Krivé
1373,Krivany
1374,Krivoklát
1375,Krivosúd-Bodovka
1376,Krná
1377,Krnča
1378,Krokava
1379,Krompachy
1380,Krpeľany
1381,Krtovce
1382,Krušetnica
1383,Krušinec
1384,Krušovce
1385,Kružlov
1386,Kružlová
1387,Kružná
1388,Kružno
1389,Krupina
1390,Kučín
1391,Kučín
1392,Kubáňovo
1393,Kuchyňa
1394,Kuklov
1395,Kuková
1396,Kukučínov
1397,Kunešov
1398,Kunerad
1399,Kunova Teplica
1400,Kuraľany
1401,Kurima
1402,Kurimany
1403,Kurimka
1404,Kurov
1405,Kusín
1406,Kuzmice
1407,Kuzmice
1408,Kvačany
1409,Kvačany
1410,Kvašov
1411,Kvakovce
1412,Keť
1413,Kvetoslavov
1414,Kyjatice
1415,Kyjov
1416,Kynceľová
1417,Kysak
1418,Kyselica
1419,Kysta
1420,Kysucké Nové Mesto
1421,Kysucký Lieskovec
1422,Láb
1423,Látky
1424,Lúč na Ostrove
1425,Lúčina
1426,Lúčka
1427,Lúčka
1428,Lúčka
1429,Lúčka
1430,Lúčky
1431,Lúčky
1432,Lúčnica nad Žitavou
1433,Lúka
1434,Lúky
1435,Laškovce
1436,Lackov
1437,Lacková
1438,Lackovce
1439,Lada
1440,Ladce
1441,Ladice
1442,Ladmovce
1443,Ladomerská Vieska
1444,Ladomirov
1445,Ladomirová
1446,Ladzany
1447,Lakšárska Nová Ves
1448,Lascov
1449,Laskár
1450,Lastomír
1451,Lastovce
1452,Lazany
1453,Lazisko
1454,Lazy pod Makytou
1455,Lešť (vojenský obvod)
1456,Leštiny
1457,Ležiachov
1458,Lechnica
1459,Lednica
1460,Lednické Rovne
1461,Lefantovce
1462,Legnava
1463,Lehôtka
1464,Lehôtka pod Brehmi
1465,Lehnice
1466,Lehota
1467,Lehota nad Rimavicou
1468,Lehota pod Vtáčnikom
1469,Lekárovce
1470,Leľa
1471,Leles
1472,Lemešany
1473,Lenartov
1474,Lenartovce
1475,Lendak
1476,Lenka
1477,Lentvora
1478,Leopoldov
1479,Lesíček
1480,Lesenice
1481,Lesné
1482,Lesnica
1483,Letanovce
1484,Letničie
1485,Levice
1486,Levkuška
1487,Levoča
1488,Ličartovce
1489,Lišov
1490,Libichava
1491,Licince
1492,Liešťany
1493,Liešno
1494,Liesek
1495,Lieskovany
1496,Lieskovec
1497,Lieskovec
1498,Lietava
1499,Lietavská Lúčka
1500,Likavka
1501,Limbach
1502,Lipany
1503,Lipník
1504,Lipníky
1505,Lipová
1506,Lipová
1507,Lipové
1508,Lipovany
1509,Lipovce
1510,Lipovec
1511,Lipovec
1512,Lipovník
1513,Lipovník
1514,Liptovská Štiavnica
1515,Liptovská Anna
1516,Liptovská Kokava
1517,Liptovská Lúžna
1518,Liptovská Osada
1519,Liptovská Porúbka
1520,Liptovská Sielnica
1521,Liptovská Teplá
1522,Liptovská Teplička
1523,Liptovské Beharovce
1524,Liptovské Kľačany
1525,Liptovské Matiašovce
1526,Liptovské Revúce
1527,Liptovský Hrádok
1528,Liptovský Ján
1529,Liptovský Michal
1530,Liptovský Mikuláš
1531,Liptovský Ondrej
1532,Liptovský Peter
1533,Liptovský Trnovec
1534,Lisková
1535,Litava
1536,Litmanová
1537,Livina
1538,Livinské Opatovce
1539,Livov
1540,Livovská Huta
1541,Lošonec
1542,Ložín
1543,Lodno
1544,Lok
1545,Lokca
1546,Lom nad Rimavicou
1547,Lomná
1548,Lomné
1549,Lomnička
1550,Lontov
1551,Lopúchov
1552,Lopašov
1553,Lopušné Pažite
1554,Lovča
1555,Lovčica-Trubín
1556,Lovce
1557,Lovinobaňa
1558,Lozorno
1559,Lučatín
1560,Lučenec
1561,Lučivná
1562,Lužany
1563,Lužany pri Topli
1564,Lužianky
1565,Lubeník
1566,Lubina
1567,Ludanice
1568,Ludrová
1569,Luhyňa
1570,Lukáčovce
1571,Lukačovce
1572,Lukavica
1573,Lukavica
1574,Lukov
1575,Lukovištia
1576,Lula
1577,Lupoč
1578,Lutiše
1579,Lutila
1580,Lysá pod Makytou
1581,Lysica
1582,Málaš
1583,Málinec
1584,Môlča
1585,Mýtna
1586,Mýtne Ludany
1587,Mýto pod Ďumbierom
1588,Maňa
1589,Mašková
1590,Maškovce
1591,Maťovské Vojkovce
1592,Machulince
1593,Macov
1594,Madunice
1595,Magnezitovce
1596,Majcichov
1597,Majere
1598,Majerovce
1599,Makov
1600,Makovce
1601,Malá Čalomija
1602,Malá Čausa
1603,Malá Čierna
1604,Malá Domaša
1605,Malá Franková
1606,Malá Hradná
1607,Malá Ida
1608,Malá Lehota
1609,Malá Lodina
1610,Malá Mača
1611,Malá nad Hronom
1612,Malá Poľana
1613,Malá Tŕňa
1614,Malčice
1615,Malé Borové
1616,Malé Chyndice
1617,Malé Dvorníky
1618,Malé Hoste
1619,Malé Kosihy
1620,Malé Kozmálovce
1621,Malé Kršteňany
1622,Malé Lednice
1623,Malé Leváre
1624,Malé Ludince
1625,Malé Ozorovce
1626,Malé Raškovce
1627,Malé Ripňany
1628,Malé Straciny
1629,Malé Trakany
1630,Malé Uherce
1631,Malé Vozokany
1632,Malé Zálužie
1633,Malé Zlievce
1634,Malý Čepčín
1635,Malý Šariš
1636,Malý Cetín
1637,Malý Horeš
1638,Malý Kamenec
1639,Malý Krtíš
1640,Malý Lapáš
1641,Malý Lipník
1642,Malý Slavkov
1643,Malý Slivník
1644,Malženice
1645,Malachov
1646,Malacky
1647,Malatíny
1648,Malatiná
1649,Malcov
1650,Malinová
1651,Malinovo
1652,Malužiná
1653,Mankovce
1654,Maršová-Rašov
1655,Marcelová
1656,Margecany
1657,Marhaň
1658,Marianka
1659,Markovce
1660,Markuška
1661,Markušovce
1662,Martin
1663,Martin nad Žitavou
1664,Martinček
1665,Martinová
1666,Martovce
1667,Matúškovo
1668,Matejovce nad Hornádom
1669,Matiaška
1670,Matiašovce
1671,Matovce
1672,Matysová
1673,Medovarce
1674,Medveďov
1675,Medvedie
1676,Medzany
1677,Medzev
1678,Medzianky
1679,Medzibrod
1680,Medzibrodie nad Oravou
1681,Medzilaborce
1682,Melčice-Lieskové
1683,Melek
1684,Meliata
1685,Mengusovce
1686,Merašice
1687,Merník
1688,Mestečko
1689,Mestisko
1690,Mičakovce
1691,Miňovce
1692,Michaľany
1693,Michajlov
1694,Michal na Ostrove
1695,Michal nad Žitavou
1696,Michalková
1697,Michalok
1698,Michalová
1699,Michalovce
1700,Mierovo
1701,Miezgovce
1702,Miklušovce
1703,Miková
1704,Mikušovce
1705,Mikušovce
1706,Mikulášová
1707,Veľký Kýr
1708,Milhosť
1709,Miloslavov
1710,Milpoš
1711,Mirkovce
1712,Miroľa
1713,Mládzovo
1714,Mlynárovce
1715,Mlynčeky
1716,Mlynica
1717,Mlynky
1718,Mníšek nad Hnilcom
1719,Mníšek nad Popradom
1720,Mníchova Lehota
1721,Moča
1722,Močiar
1723,Moškovec
1724,Mošovce
1725,Moštenica
1726,Mošurov
1727,Modrý Kameň
1728,Modra
1729,Modra nad Cirochou
1730,Modrany
1731,Modrová
1732,Modrovka
1733,Mojš
1734,Mojmírovce
1735,Mojtín
1736,Mojzesovo
1737,Mokrá Lúka
1738,Mokrý Háj
1739,Mokrance
1740,Mokroluh
1741,Moldava nad Bodvou
1742,Moravany
1743,Moravany nad Váhom
1744,Moravské Lieskové
1745,Moravský Svätý Ján
1746,Most pri Bratislave
1747,Mostová
1748,Motešice
1749,Motyčky
1750,Mrázovce
1751,Mučín
1752,Muľa
1753,Mužla
1754,Mudroňovo
1755,Mudrovce
1756,Muráň
1757,Muránska Dlhá Lúka
1758,Muránska Huta
1759,Muránska Lehota
1760,Muránska Zdychava
1761,Mútne
1762,Myjava
1763,Myslina
1764,Nálepkovo
1765,Námestovo
1766,Nána
1767,Nýrovce
1768,Nacina Ves
1769,Nadlice
1770,Naháč
1771,Nandraž
1772,Nechválova Polianka
1773,Necpaly
1774,Nedašovce
1775,Nedanovce
1776,Neded
1777,Nededza
1778,Nedožery-Brezany
1779,Nemčiňany
1780,Nemčice
1781,Nemšová
1782,Nemce
1783,Nemcovce
1784,Nemcovce
1785,Nemečky
1786,Nemešany
1787,Nemecká
1788,Nenince
1789,Neporadza
1790,Neporadza
1791,Nesluša
1792,Nesvady
1793,Neverice
1794,Nevidzany
1795,Nevidzany
1796,Nevoľné
1797,Nezbudská Lúčka
1798,Nižná
1799,Nižná
1800,Nižná Boca
1801,Nižná Hutka
1802,Nižná Jablonka
1803,Nižná Jedľová
1804,Nižná Kamenica
1805,Nižná Myšľa
1806,Nižná Olšava
1807,Nižná Pisaná
1808,Nižná Polianka
1809,Nižná Rybnica
1810,Nižná Sitnica
1811,Nižná Slaná
1812,Nižná Voľa
1813,Nižné Ladičkovce
1894,Okružná
1814,Nižné Nemecké
1815,Nižné Repaše
1816,Nižné Ružbachy
1817,Nižný Čaj
1818,Nižný Žipov
1819,Nižný Hrabovec
1820,Nižný Hrušov
1821,Nižný Klátov
1822,Nižný Komárnik
1823,Nižný Kručov
1824,Nižný Lánec
1825,Nižný Mirošov
1826,Nižný Orlík
1827,Nižný Skálnik
1828,Nižný Slavkov
1829,Nižný Tvarožec
1830,Nimnica
1831,Nitra nad Ipľom
1832,Nitrianska Blatnica
1833,Nitrianska Streda
1834,Nitrianske Pravno
1835,Nitrianske Rudno
1836,Nitrianske Sučany
1837,Nitrica
1838,Nolčovo
1839,Norovce
1840,Nová Ľubovňa
1841,Nová Baňa
1842,Nová Bašta
1843,Nová Bošáca
1844,Nová Bystrica
1845,Nová Dedina
1846,Nová Dedinka
1847,Nová Dubnica
1848,Nová Kelča
1849,Nová Lehota
1850,Nová Lesná
1851,Nová Polhora
1852,Nová Polianka
1853,Nová Sedlica
1854,Nová Ves
1855,Nová Ves nad Žitavou
1856,Nová Ves nad Váhom
1857,Nová Vieska
1858,Nováčany
1859,Nováky
1860,Nové Hony
1861,Nové Mesto nad Váhom
1862,Nové Sady
1863,Nové Zámky
1864,Nový Život
1865,Nový Ruskov
1866,Nový Salaš
1867,Nový Svet
1868,Nový Tekov
1869,Novoť
1870,Novosad
1871,Očkov
1872,Očová
1873,Oľšavka
1874,Oľšinkov
1875,Oľšov
1876,Oľdza
1877,Oľka
1878,Oščadnica
1879,Ožďany
1880,Obeckov
1881,Obišovce
1882,Obid
1883,Oborín
1884,Obručné
1885,Obyce
1886,Ochodnica
1887,Ochtiná
1888,Odorín
1889,Ohrady
1890,Ohradzany
1891,Okoč
1892,Okoličná na Ostrove
1893,Okrúhle
1895,Oľšavce
1896,Oľšavica
1897,Oľšavka
1898,Olšovany
1899,Olcnava
1900,Olešná
1901,Olejníkov
1902,Olováry
1903,Omšenie
1904,Omastiná
1905,Ondavka
1906,Ondavské Matiašovce
1907,Ondrašová
1908,Ondrašovce
1909,Ondrejovce
1910,Opátka
1911,Opatovce
1912,Opatovce nad Nitrou
1913,Opatovská Nová Ves
1914,Opava
1915,Opiná
1916,Opoj
1917,Oponice
1918,Orávka
1919,Oravce
1920,Oravská Jasenica
1921,Oravská Lesná
1922,Oravská Polhora
1923,Oravská Poruba
1924,Oravské Veselé
1925,Oravský Biely Potok
1926,Oravský Podzámok
1927,Ordzovany
1928,Orešany
1929,Orechová
1930,Orechová Potôň
1931,Vieska
1932,Oreské
1933,Oreské
1934,Orlov
1935,Orovnica
1936,Ortuťová
1937,Osádka
1938,Osadné
1939,Osikov
1940,Oslany
1941,Osrblie
1942,Ostrá Lúka
1943,Ostrý Grúň
1944,Ostratice
1945,Ostrov
1946,Ostrov
1947,Ostrovany
1948,Osturňa
1949,Osuské
1950,Otrhánky
1951,Otročok
1952,Ovčiarsko
1953,Ovčie
1954,Ozdín
1955,Párnica
1956,Pčoliné
1957,Píla
1958,Píla
1959,Píla
1960,Pôtor
1961,Púchov
1962,Pača
1963,Paňa
1964,Paňovce
1965,Pašková
1966,Paština Závada
1967,Pažiť
1968,Padáň
1969,Padarovce
1970,Pakostov
1971,Palárikovo
1972,Palín
1973,Sap
1974,Palota
1975,Panické Dravce
1976,Papín
1977,Papradno
1978,Parchovany
1979,Parihuzovce
1980,Partizánska Ľupča
1981,Partizánske
1982,Pataš
1983,Pastovce
1984,Pastuchov
1985,Pata
1986,Patince
1987,Pavčina Lehota
1988,Pavľany
1989,Pavlice
1990,Pavlová
1991,Pavlova Ves
1992,Pavlovce
1993,Pavlovce
1994,Pavlovce nad Uhom
1995,Pečeňady
1996,Pečeňany
1997,Pečenice
1998,Pečovská Nová Ves
1999,Peder
2000,Perín-Chym
2001,Pernek
2002,Petkovce
2003,Petrikovce
2004,Petrová
2005,Petrova Lehota
2006,Petrova Ves
2007,Petrovany
2008,Petrovce
2009,Petrovce
2010,Petrovce
2011,Petrovce nad Laborcom
2012,Petrovice
2013,Petrovo
2014,Pezinok
2015,Pichne
2016,Piešťany
2017,Pinciná
2018,Pinkovce
2019,Piskorovce
2020,Pitelová
2021,Plášťovce
2022,Plavé Vozokany
2023,Plaveč
2024,Plavecké Podhradie
2025,Plavecký Štvrtok
2026,Plavecký Mikuláš
2027,Plavecký Peter
2028,Plavnica
2029,Pleš
2030,Svätuše
2031,Plešivec
2032,Plechotice
2033,Plevník-Drienové
2034,Pliešovce
2035,Ploské
2036,Ploské
2037,Počúvadlo
2038,Počarová
2039,Poľanovce
2040,Poľany
2041,Poľný Kesov
2042,Poša
2043,Pobedim
2044,Pochabany
2045,Podbiel
2046,Podbranč
2047,Podbrezová
2048,Podhájska
2049,Podhorany
2050,Podhorany
2051,Podhorany
2052,Podhorie
2053,Podhorie
2054,Podhoroď
2055,Podhradík
2056,Podhradie
2057,Podhradie
2058,Podhradie
2059,Podkonice
2060,Podkriváň
2061,Podkylava
2062,Podlužany
2063,Podlužany
2064,Podolínec
2065,Podolie
2066,Podrečany
2067,Podskalie
2068,Podtureň
2069,Podvysoká
2070,Podzámčok
2071,Pohorelá
2072,Pohranice
2073,Pohronská Polhora
2074,Pohronský Bukovec
2075,Pohronský Ruskov
2076,Pokryváč
2077,Polichno
2078,Poliakovce
2079,Polianka
2080,Polina
2081,Poloma
2082,Polomka
2083,Poltár
2084,Poluvsie
2085,Pongrácovce
2086,Poniky
2087,Poprad
2088,Poproč
2089,Poproč
2090,Popudinské Močidľany
2091,Poráč
2092,Porúbka
2093,Porúbka
2094,Porúbka
2095,Poriadie
2096,Porostov
2097,Poruba
2098,Poruba pod Vihorlatom
2099,Porúbka
2100,Potôčky
2101,Potok
2102,Potok
2103,Potoky
2104,Potvorice
2105,Považany
2106,Považská Bystrica
2107,Povina
2108,Povrazník
2109,Pozba
2110,Pozdišovce
2111,Práznovce
2112,Príbelce
2113,Príbovce
2114,Príkra
2115,Prša
2116,Prašice
2117,Prašník
2118,Praha
2119,Prakovce
2120,Pravenec
2121,Pravica
2122,Pravotice
2123,Prečín
2124,Prešov
2125,Predajná
2126,Predmier
2127,Prenčov
2128,Preseľany
2129,Prestavlky
2130,Pribeník
2131,Pribeta
2132,Pribiš
2133,Pribylina
2134,Priechod
2135,Priekopa
2136,Priepasné
2137,Prietrž
2138,Prietržka
2139,Prievaly
2140,Prievidza
2141,Prihradzany
2142,Príslop
2143,Prituľany
2144,Proč
2145,Prochot
2146,Prosačov
2147,Prosiek
2148,Pružina
2149,Pruské
2150,Prusy
2151,Pstriná
2152,Ptičie
2153,Ptrukša
2154,Pušovce
2155,Pucov
2156,Pukanec
2157,Pusté Čemerné
2158,Pusté Úľany
2159,Pusté Pole
2160,Pusté Sady
2161,Rákoš
2162,Rákoš
2163,Ráztočno
2164,Ráztoka
2165,Rúbaň
2166,Rašice
2167,Ražňany
2168,Rabča
2169,Rabčice
2170,Rad
2171,Radôstka
2172,Radatice
2173,Radava
2174,Radimov
2175,Radnovce
2176,Radoľa
2177,Radošina
2178,Radošovce
2179,Radošovce
2180,Radobica
2181,Radoma
2182,Radvaň nad Dunajom
2183,Radvaň nad Laborcom
2184,Radvanovce
2185,Radzovce
2186,Rafajovce
2187,Rajčany
2188,Rajec
2189,Rajecká Lesná
2190,Rajecké Teplice
2191,Rakša
2192,Rakúsy
2193,Raková
2194,Rakovčík
2195,Rakovec nad Ondavou
2196,Rakovice
2197,Rakovnica
2198,Rakovo
2199,Rakytník
2200,Rankovce
2201,Rapovce
2202,Raslavice
2203,Rastislavice
2204,Ratka
2205,Ratková
2206,Ratkovce
2207,Ratkovo
2208,Ratkovská Lehota
2209,Ratkovská Suchá
2210,Ratkovské Bystré
2211,Ratnovce
2212,Ratvaj
2213,Reľov
2214,Rešica
2215,Rešov
2216,Reca
2217,Regetovka
2218,Rejdová
2219,Remeniny
2220,Remetské Hámre
2221,Renčišov
2222,Repejov
2223,Repište
2224,Revúca
2225,Revúcka Lehota
2226,Rišňovce
2227,Richnava
2228,Richvald
2229,Riečka
2230,Riečka
2231,Rimavská Baňa
2232,Rimavská Seč
2233,Rimavská Sobota
2234,Rimavské Brezovo
2235,Rimavské Janovce
2236,Rimavské Zalužany
2237,Roškovce
2238,Roštár
2239,Rožňava
2240,Rožňavské Bystré
2241,Rožkovany
2242,Rochovce
2243,Rohožník
2244,Rohožník
2245,Rohov
2246,Rohovce
2247,Rokycany
2248,Rokytov
2249,Rokytov pri Humennom
2250,Rokytovce
2251,Rosina
2252,Rovňany
2253,Rovensko
2254,Rovinka
2255,Rovné
2256,Rovné
2257,Rovné
2258,Rozhanovce
2259,Rozložná
2260,Roztoky
2261,Ružiná
2262,Ružindol
2263,Ružomberok
2264,Rudňany
2265,Rudina
2266,Rudinka
2267,Rudinská
2268,Rudlov
2269,Rudná
2270,Rudník
2271,Rudník
2272,Rudnianska Lehota
2273,Rudno
2274,Rudno nad Hronom
2275,Rumanová
2276,Rumince
2277,Runina
2278,Ruská
2279,Ruská Bystrá
2280,Ruská Kajňa
2281,Ruská Nová Ves
2282,Ruská Poruba
2283,Ruská Voľa
2284,Ruská Voľa nad Popradom
2285,Ruská Volová
2286,Ruský Hrabovec
2287,Vyšný Kazimír
2288,Kručov
2289,Ruský Potok
2290,Ruskov
2291,Ruskovce
2292,Ruskovce
2293,Rybany
2294,Rybky
2295,Rybník
2296,Rybník
2297,Rykynčice
2298,Sádočné
2299,Sása
2300,Sása
2301,Sľažany
2302,Súľov-Hradná
2303,Súdovce
2304,Súlovce
2305,Sútor
2306,Sačurov
2307,Sabinov
2308,Sady nad Torysou
2309,Salka
2310,Santovka
2311,Sasinkovo
2312,Sazdice
2313,Seč
2314,Sečianky
2315,Sečovce
2316,Sečovská Polianka
2317,Seľany
2318,Seňa
2319,Sebechleby
2320,Sebedín-Bečov
2321,Sebedražie
2322,Sedliacka Dubová
2323,Sedlice
2324,Sedliská
2325,Sedmerovec
2326,Sejkov
2327,Sekule
2328,Selce
2329,Selce
2330,Selce
2331,Selec
2332,Selice
2333,Semerovo
2334,Senec
2335,Seniakovce
2336,Senica
2337,Senné
2338,Senné
2339,Senohrad
2340,Sereď
2341,Sielnica
2342,Sihelné
2343,Sihla
2344,Sikenička
2345,Siladice
2346,Silica
2347,Silická Brezová
2348,Silická Jablonica
2349,Sirk
2350,Sirník
2351,Skároš
2352,Skýcov
2353,Skačany
2354,Skalica
2355,Skalité
2356,Skalka nad Váhom
2357,Skerešovo
2358,Sklabiňa
2359,Sklabiná
2360,Sklabinský Podzámok
2361,Sklené
2362,Sklené Teplice
2363,Skrabské
2364,Močenok
2365,Sládkovičovo
2366,Slavkovce
2367,Slančík
2368,Slanec
2369,Slanská Huta
2370,Slanské Nové Mesto
2371,Slaská
2372,Slatina
2373,Slatina nad Bebravou
2374,Slatinka nad Bebravou
2375,Slatinské Lazy
2376,Slatvina
2377,Slavec
2378,Slavnica
2379,Slavoška
2380,Slavošovce
2381,Slepčany
2382,Sliač
2383,Liptovské Sliače
2384,Sliepkovce
2385,Slivník
2386,Slizké
2387,Slopná
2388,Slovany
2389,Slovenská Ľupča
2390,Slovenská Kajňa
2391,Slovenská Nová Ves
2392,Slovenská Ves
2515,Svinia
2393,Slovenská Volová
2394,Slovenské Ďarmoty
2395,Slovenské Kľačany
2396,Slovenské Krivé
2397,Slovenské Nové Mesto
2398,Slovenské Pravno
2399,Slovenský Grob
2400,Slovinky
2401,Smižany
2402,Smilno
2403,Smolenice
2404,Smolinské
2405,Smolnícka Huta
2406,Smolník
2407,Smrdáky
2408,Smrečany
2409,Snakov
2410,Snežnica
2411,Snina
2412,Soľ
2413,Soľník
2414,Soľnička
2415,Soblahov
2416,Soboš
2417,Sobotište
2418,Sobrance
2419,Socovce
2420,Sokoľ
2421,Sokoľany
2422,Sokolce
2423,Sokolovce
2424,Solčany
2425,Solčianky
2426,Sološnica
2427,Somotor
2428,Sopkovce
2429,Spišská Belá
2430,Spišská Nová Ves
2431,Spišská Stará Ves
2432,Spišská Teplica
2433,Spišské Bystré
2434,Spišské Hanušovce
2435,Spišské Podhradie
2436,Spišské Tomášovce
2437,Spišské Vlachy
2438,Spišský Štiavnik
2439,Spišský Štvrtok
2440,Spišský Hrhov
2441,Spišský Hrušov
2442,Staškov
2443,Staškovce
2444,Stakčín
2445,Stakčínska Roztoka
2446,Stanča
2447,Stankovany
2448,Stankovce
2449,Stará Ľubovňa
2450,Stará Bašta
2451,Stará Bystrica
2452,Stará Halič
2453,Stará Huta
2454,Stará Kremnička
2455,Stará Lehota
2456,Stará Lesná
2457,Stará Myjava
2458,Stará Turá
2459,Stará Voda
2460,Staré
2461,Staré Hory
2462,Starý Hrádok
2463,Starý Tekov
2464,Starina
2465,Stebnícka Huta
2466,Stebník
2467,Stožok
2468,Stráňany
2469,Stráňavy
2470,Stráža
2471,Strážne
2472,Strážske
2516,Svinica
2473,Stráne pod Tatrami
2474,Stránska
2475,Stránske
2476,Stratená
2477,Strečno
2478,Streženice
2479,Streda nad Bodrogom
2480,Stredné Plachtince
2481,Strekov
2482,Strelníky
2483,Leváre
2484,Stretava
2485,Stretavka
2486,Strihovce
2487,Stročín
2488,Stropkov
2489,Stuľany
2490,Studená
2491,Studenec
2492,Studienka
2493,Stupava
2494,Stupné
2495,Sučany
2496,Sušany
2497,Suchá Dolina
2498,Suchá Hora
2499,Suchá nad Parnou
2500,Sucháň
2501,Suché
2502,Suché Brezovo
2503,Suchohrad
2504,Sukov
2505,Sulín
2506,Svätý Kríž
2507,Svätoplukovo
2508,Svätuš
2509,Svederník
2510,Sveržov
2511,Sverepec
2512,Svetlice
2513,Svidník
2514,Svidnička
2517,Svinice
2518,Svinná
2519,Svit
2520,Svodín
2521,Svrčinovec
2522,Svrbice
2523,Tôň
2524,Tŕnie
2525,Tašuľa
2526,Tachty
2527,Tajná
2528,Tajov
2529,Tarnov
2530,Tešedíkovo
2531,Tehla
2532,Tekolďany
2533,Tekovská Breznica
2534,Tekovské Lužany
2535,Tekovské Nemce
2536,Tekovský Hrádok
2537,Telince
2538,Temeš
2539,Teplý Vrch
2540,Teplička
2541,Teplička nad Váhom
2542,Tepličky
2543,Terňa
2544,Terany
2545,Terchová
2546,Teriakovce
2547,Tesáre
2548,Tesárske Mlyňany
2549,Tibava
2550,Tichý Potok
2551,Timoradza
2552,Tisinec
2553,Tisovec
2554,Tlmače
2555,Točnica
2556,Tokajík
2557,Tomášikovo
2558,Tomášov
2559,Tomášovce
2560,Tomášovce
2561,Topoľčany
2562,Topoľčianky
2563,Topoľa
2564,Topoľníky
2565,Topoľnica
2566,Ňárad
2567,Topoľovka
2568,Toporec
2569,Torysa
2570,Torysky
2571,Tovarnianska Polianka
2572,Tovarné
2573,Tovarníky
2574,Trávnica
2575,Trávnik
2576,Trakovice
2577,Trebatice
2578,Trebeľovce
2579,Trebejov
2580,Trebišov
2581,Trebichava
2582,Trebostovo
2583,Trebušovce
2584,Trenč
2585,Trenčín
2586,Trenčianska Teplá
2587,Trenčianska Turná
2588,Trenčianske Bohuslavice
2589,Trenčianske Jastrabie
2590,Trenčianske Mitice
2591,Trenčianske Stankovce
2592,Trenčianske Teplice
2593,Trhová Hradská
2594,Trhovište
2595,Trnávka
2596,Trnávka
2597,Trnavá Hora
2598,Trnava
2599,Trnava pri Laborci
2600,Trnkov
2601,Trnovec
2602,Trnovec nad Váhom
2603,Trnovo
2604,Tročany
2605,Trpín
2606,Trsťany
2607,Trstín
2608,Trstená
2609,Trstená na Ostrove
2610,Trstené
2611,Trstené pri Hornáde
2612,Trstice
2613,Tušice
2614,Tušická Nová Ves
2615,Tužina
2616,Tuchyňa
2617,Tuhár
2618,Tuhrina
2619,Tulčík
2620,Tupá
2621,Turá
2622,Turček
2623,Turčianky
2624,Turčianska Štiavnička
2625,Turčianske Jaseno
2626,Turčianske Kľačany
2627,Turčianske Teplice
2628,Turčiansky Ďur
2629,Turčiansky Peter
2630,Turčok
2631,Turík
2633,Turany nad Ondavou
2634,Turcovce
2635,Tureň
2636,Turecká
2637,Turie
2638,Turňa nad Bodvou
2639,Turnianska Nová Ves
2640,Turová
2641,Tvarožná
2642,Tvrdošín
2643,Tvrdošovce
2644,Tvrdomestice
2645,Úľany nad Žitavou
2646,Uňatín
2647,Ubľa
2648,Udavské
2649,Udiča
2650,Uhliská
2651,Uhorská Ves
2652,Uhorské
2653,Uhrovec
2654,Uhrovské Podhradie
2655,Ulič
2656,Uličské Krivé
2657,Uloža
2658,Unín
2659,Urmince
2660,Utekáč
2661,Uzovce
2662,Uzovská Panica
2663,Uzovské Pekľany
2664,Uzovský Šalgov
2665,Váhovce
2666,Vápeník
2667,Včelince
2668,Víťaz
2669,Vígľaš
2670,Vígľašská Huta-Kalinka
2671,Vítkovce
2672,Vrbnica
2673,Výborná
2674,Východná
2675,Výrava
2676,Vaďovce
2677,Vaľkovňa
2678,Valkovce
2679,Važec
2680,Vagrinec
2681,Vajkovce
2682,Valča
2683,Valaliky
2684,Valaská
2685,Valaská Belá
2686,Valaská Dubová
2687,Valentovce
2688,Valice
2689,Vaniškovce
2690,Varín
2691,Varadka
2692,Varechovce
2693,Varhaňovce
2694,Vasiľov
2695,Vavrečka
2696,Vavrišovo
2697,Vavrinec
2698,Večelkov
2699,Veľaty
2700,Veľká Čalomija
2701,Veľká Čausa
2702,Veľká Čierna
2703,Veľká Dolina
2704,Veľká Franková
2705,Veľká Hradná
2706,Veľká Ida
2707,Veľká Lúka
2708,Veľká Lehota
2709,Veľká Lesná
2710,Veľká Lodina
2711,Veľká Lomnica
2712,Veľká Mača
2713,Veľká nad Ipľom
2714,Veľká Paka
2715,Veľká Tŕňa
2716,Veľká Ves
2717,Veľká Ves nad Ipľom
2718,Veľké Úľany
2719,Veľké Bierovce
2720,Veľké Blahovo
2721,Veľké Borové
2722,Veľké Chlievany
2723,Veľké Chyndice
2724,Veľké Držkovce
2725,Veľké Dravce
2726,Veľké Dvorany
2727,Veľké Dvorníky
2728,Veľké Hoste
2729,Veľké Kapušany
2730,Veľké Kosihy
2731,Veľké Kostoľany
2732,Veľké Kozmálovce
2733,Veľké Kršteňany
2734,Veľké Leváre
2735,Veľké Lovce
2736,Veľké Ludince
2737,Veľké Orvište
2738,Veľké Ozorovce
2739,Veľké Pole
2740,Veľké Raškovce
2741,Veľké Ripňany
2742,Veľké Rovné
2743,Veľké Slemence
2744,Veľké Straciny
2745,Veľké Teriakovce
2746,Veľké Trakany
2747,Veľké Turovce
2748,Veľké Uherce
2749,Veľké Vozokany
2750,Veľké Zálužie
2751,Veľké Zlievce
2752,Veľký Čepčín
2753,Veľký Ďur
2754,Veľký Šariš
2755,Veľký Biel
2756,Veľký Blh
2757,Veľký Cetín
2758,Veľký Folkmar
2759,Veľký Grob
2760,Veľký Horeš
2761,Veľký Kamenec
2762,Veľký Klíž
2763,Veľký Krtíš
2764,Veľký Lapáš
2765,Veľký Lipník
2766,Veľký Lom
2767,Veľký Slavkov
2768,Veľký Slivník
2769,Veľkrop
2770,Veľopolie
2771,Vechec
2772,Velčice
2773,Veličná
2774,Velušovce
2775,Vernár
2776,Veselé
2777,Veterná Poruba
2778,Višňov
2779,Višňové
2780,Višňové
2781,Višňové
2782,Vištuk
2783,Víťazovce
2784,Vidiná
2785,Vieska
2786,Vieska nad Žitavou
2787,Vieska nad Blhom
2788,Vikartovce
2789,Viničky
2790,Viničné
2791,Vinica
2792,Vinné
2793,Vinodol
2794,Vinohrady nad Váhom
2795,Vinosady
2796,Virt
2797,Vislanka
2798,Vislava
2799,Visolaje
2800,Vitanová
2801,Vlčany
2802,Vlčkovce
2803,Vlača
2804,Vlachovo
2805,Vlachy
2806,Vladiča
2807,Vlkanová
2808,Vlkas
2809,Vlková
2810,Vlkovce
2811,Vlky
2812,Vlkyňa
2813,Voľa
2814,Voderady
2815,Vojčice
2816,Vojňany
2817,Vojany
2818,Vojka
2819,Vojka nad Dunajom
2820,Vojkovce
2821,Vojnatina
2822,Bátorove Kosihy
2823,Vojtovce
2824,Volica
2825,Volkovce
2826,Voznica
2827,Vozokany
2828,Vozokany
2829,Vráble
2830,Vrádište
2831,Vrícko
2832,Vršatské Podhradie
2833,Vrútky
2834,Vrakúň
2835,Vranov nad Topľou
2836,Vrbov
2837,Vrbová nad Váhom
2838,Vrbové
2839,Vrbovce
2840,Vrbovka
2841,Vrchteplá
2842,Vtáčkovce
2843,Výčapy-Opatovce
2844,Vyškovce
2845,Vyškovce nad Ipľom
2846,Vyšná Šebastová
2847,Vyšná Boca
2848,Vyšná Hutka
2849,Vyšná Jablonka
2850,Vyšná Jedľová
2851,Vyšná Kamenica
2852,Vyšná Myšľa
2853,Vyšná Olšava
2854,Vyšná Pisaná
2855,Vyšná Polianka
2856,Vyšná Rybnica
2857,Vyšná Sitnica
2858,Vyšná Slaná
2859,Vyšná Voľa
2860,Vyšné Ladičkovce
2861,Vyšné nad Hronom
2862,Vyšné Nemecké
2863,Vyšné Remety
2864,Vyšné Repaše
2865,Vyšné Ružbachy
2866,Vyšné Valice
2867,Vyšný Čaj
2868,Vyšný Žipov
2869,Vyšný Hrabovec
2870,Vyšný Hrušov
2871,Vyšný Klátov
2872,Vyšný Komárnik
2873,Vyšný Kručov
2874,Vyšný Kubín
2875,Vyšný Medzev
2876,Vyšný Mirošov
2877,Vyšný Orlík
2878,Vyšný Skálnik
2879,Vyšný Slavkov
2880,Vyšný Tvarožec
2881,Vydrany
2882,Vydrná
2883,Vydrník
2884,Vyhne
2885,Vysočany
2886,Vysoká
2887,Vysoká
2888,Vysoká nad Kysucou
2889,Vysoká nad Uhom
2890,Vysoká pri Morave
2891,Zábiedovo
2892,Záborie
2893,Záborské
2894,Zádiel
2895,Zádor
2896,Záhor
2897,Záhorce
2898,Záhorie
2899,Záhorská Ves
2900,Záhradné
2901,Zálesie
2902,Zálesie
2903,Zámutov
2904,Záriečie
2905,Záskalie
2906,Závažná Poruba
2907,Závada
2908,Závada
2909,Závada
2910,Závadka
2911,Závadka
2912,Závadka
2913,Závadka nad Hronom
2914,Závod
2915,Zacharovce
2916,Zákamenné
2917,Zalaba
2918,Zalužice
2919,Zamarovce
2920,Zatín
2921,Zavar
2922,Zbehňov
2923,Zbehy
2924,Zboj
2925,Zbojné
2926,Zbrojníky
2927,Zborov
2928,Zborov nad Bystricou
2929,Zbudská Belá
2930,Zbudské Dlhé
2931,Zbudza
2932,Zbyňov
2933,Zeleneč
2934,Zemianska Olča
2935,Zemianske Kostoľany
2936,Zemianske Podhradie
2937,Zemianske Sady
2938,Zemiansky Vrbovok
2939,Zemné
2940,Zemplín
2941,Zemplínska Široká
2942,Zemplínska Nová Ves
2943,Zemplínska Teplica
2944,Zemplínske Hámre
2945,Zemplínske Hradište
2946,Zemplínske Jastrabie
2947,Zemplínsky Branč
2948,Zlatá Baňa
2949,Zlatá Idka
2950,Zlaté
2951,Zlaté Klasy
2952,Zlaté Moravce
2953,Zlatná na Ostrove
2954,Zlatník
2955,Zlatníky
2956,Zlatno
2957,Zlatno
2958,Zliechov
2959,Zohor
2960,Zombor
2961,Zubák
2962,Zuberec
2963,Zubné
2964,Zubrohlava
2965,Zvolen
2966,Zvolenská Slatina
2967,Zvončín
2968,Bratislava-Podunajské Biskupice
2969,Košice-Šaca
2970,Košice-Šebastovce
2971,Košice-Barca
2972,Košice-Juh
2973,Košice-Kavečany
2974,Košice-Košická Nová Ves
2975,Košice-Krásna
2976,Košice-Lorinčík
2977,Košice-Myslava
2978,Košice-Západ
2979,Košice-Poľov
2980,Košice-Sever
2981,Košice-Staré Mesto
2982,Čadca
2983,Košice-Ťahanovce
2984,Bratislava
2985,Bratislava
2986,Bratislava
2987,Bratislava
2988,Bratislava-Devínska Nová Ves
2989,Bratislava-Rusovce
2990,Bratislava-Vajnory
2991,Bratislava-Záhorská Bystrica
2992,Bratislava-Vrakuňa
2993,Bratislava-Čunovo
2994,Bratislava-Jarovce
3014,Košice
2995,Bratislava-Rača
2996,Bratislava-Petržalka
2997,Bratislava-Karlova Ves
2998,Bratislava-Devín
2999,Bratislava-Lamač
3000,Bratislava-Dúbravka
3001,Bratislava-Ružinov
3002,Bratislava-Prievoz
3003,Bratislava-Nové Mesto
3004,Bratislava-Staré Mesto
3005,Lažany
3006,Mad
3007,Valaškovce
3008,Nitra
3009,Turzovka
3010,Zákopčie
3011,Veľké Revištia
3012,Košice
3013,Košice
3014,Košice
3015,Košice
3016,Košice V
3017,Zázrivá
3018,Bratislava
3019,Dvorníky-Včeláre
3020,Lietavská Svinná-Babkov
3021,Sikenica
3022,Svätá Mária
3023,Košice-Džungľa
3024,Košice-Sídlisko Ťahanovce
3025,Košice-Luník IX
3026,Košice-Pereš
3027,Košice-Sídlisko KVP
3028,Košice-Dargovských hrdinov
3029,Košice-Nad Jazerom
3030,Košice-Vyšné Opátske
3031,Povoda
3032,Vysoké Tatry
3033,Podsadek
3034,Pšurnovice
3035,Hrabové
3036,Dolné Hlboké
3037,Horné Hlboké
3038,Ľubické Kúpele
3039,Zolná
3040,Môťová
3041,Kráľová
3042,Lukové
3043,Solivar
3044,Šarišské Lúky
3045,Nižná Šebastová
3046,Soľná Baňa
3047,Šváby
3048,Šalgovík
3049,Ruskinovce
3050,Čemerné
3055,Močidľany
3056,Zemianska Dedina
3057,Bratislava-Dúbravka
3058,Mníšek nad Hnilcom
2985,Bratislava
3018,Bratislava
2984,Bratislava
2986,Bratislava
2987,Bratislava
3057,Bratislava-Dúbravka
3002,Bratislava-Prievoz
3050,Čemerné
3036,Dolné Hlboké
3037,Horné Hlboké
3035,Hrabové
3012,Košice
3013,Košice
3015,Košice
3016,Košice V
3041,Kráľová
1461,Lefantovce
3038,Ľubické Kúpele
3042,Lukové
3058,Mníšek nad Hnilcom
3055,Močidľany
3040,Môťová
3045,Nižná Šebastová
3033,Podsadek
3034,Pšurnovice
3049,Ruskinovce
3043,Solivar
3046,Soľná Baňa
3048,Šalgovík
3044,Šarišské Lúky
3047,Šváby
3056,Zemianska Dedina
3039,Zolná
3361101,Veľká Poľana
3361102,Ruské
3361103,Smolník
3361104,Zvala
3361105,Ostružnica
3361106,Starina
3361107,Dara
3361108,Sveržov
3361108,Sveržov
3053,Hlboké
3053,Hlboké
3054,Prietrž
3054,Prietrž
3051,Čáčov
3051,Čáčov
3052,Kunov
3052,Kunov
2632,Turany
2632,Turany
802,Gabčíkovo
802,Gabčíkovo
